クラス,スタートナンバー,氏名,所属,スタート時刻,カード番号,チェックイン,備考
M21A1,1100,田中 太郎,-,11:00:00,2377870,,
M21A2,1200,山田 大輝,匿名走林会,11:00:00,7929016,,
W20A,1300,小林 裕子,匿名走林会,11:00:00,,,レンタル
W65A,1400,山本 花子,架空OLC,11:00:00,1347000,,
M21A1,1101,松本 直樹,サンプルOLC,11:01:00,,,レンタル
M21A2,1201,林 健,サンプルOLC,11:01:00,,,レンタル
M21A1,1102,森 翔太,架空OLC,11:02:00,,,レンタル
M21A2,1202,松本 太郎,匿名走林会,11:02:00,,,レンタル
W20A,1301,山口 由美,匿名走林会,11:02:00,,,レンタル
W65A,1401,高橋 花子,サンプルOLC,11:02:00,8020633,,
M21A1,1103,山口 翔太,匿名走林会,11:03:00,7468616,,
M21A2,1203,吉田 健,架空OLC,11:03:00,,,レンタル
M21A1,1104,佐藤 誠,デモOLK,11:04:00,1079546,,
M21A2,1204,高橋 誠,仮想クラブ,11:04:00,7857477,,
M18A,1302,吉田 拓也,デモOLK,11:04:00,,,レンタル
W65A,1402,田中 真由,デモOLK,11:04:00,7526241,,
M21A1,1105,田中 直樹,架空OLC,11:05:00,4764027,,
M21A2,1205,松本 誠,-,11:05:00,7663315,,
M21A1,1106,山田 誠,デモOLK,11:06:00,,,レンタル
M21A2,1206,山本 拓也,架空OLC,11:06:00,,,レンタル
M18A,1303,山田 拓也,サンプルOLC,11:06:00,7952921,,
W65A,1403,林 彩,仮想クラブ,11:06:00,8839296,,
M21A1,1107,吉田 健,サンプルOLC,11:07:00,8897206,,
M21A2,1207,林 大輝,匿名走林会,11:07:00,8228746,,
M21A1,1108,佐藤 拓也,仮想クラブ,11:08:00,5894200,,
M21A2,1208,清水 誠,架空OLC,11:08:00,,,レンタル
MF,1304,井上 誠,サンプルOLC,11:08:00,,,レンタル
M75A,1404,山田 健太,架空OLC,11:08:00,2069313,,
M21A1,1109,井上 誠,-,11:09:00,,,レンタル
M21A2,1209,加藤 浩,-,11:09:00,7055432,,
M21A1,1110,伊藤 浩,テストクラブ,11:10:00,,,レンタル
M21A2,1210,渡辺 浩,架空OLC,11:10:00,7775331,,
MF,1305,林 直樹,テストクラブ,11:10:00,,,レンタル
M75A,1405,山口 誠,架空OLC,11:10:00,8903786,,
M21A1,1111,高橋 太郎,サンプルOLC,11:11:00,5796340,,
M21A2,1211,小林 拓也,デモOLK,11:11:00,,,レンタル
M21A1,1112,松本 翔太,架空OLC,11:12:00,,,レンタル
M21A2,1212,森 健太,テストクラブ,11:12:00,,,レンタル
MF,1306,渡辺 直樹,匿名走林会,11:12:00,,,レンタル
M75A,1406,鈴木 一郎,架空OLC,11:12:00,8109371,,
M21A1,1113,鈴木 大輝,仮想クラブ,11:13:00,2081473,,
M21A2,1213,清水 一郎,デモOLK,11:13:00,8376627,,
M21A1,1114,清水 大輝,デモOLK,11:14:00,6520472,,
M21A2,1214,井上 拓也,サンプルOLC,11:14:00,,,レンタル
W21A,1307,吉田 麻衣,仮想クラブ,11:14:00,8209036,,
M75A,1407,加藤 誠,-,11:14:00,8577888,,
M21A1,1115,山本 翔太,架空OLC,11:15:00,,,レンタル
M21A2,1215,井上 一郎,デモOLK,11:15:00,,,レンタル
M21A1,1116,田中 誠,匿名走林会,11:16:00,9022472,,
M21A2,1216,林 健太,テストクラブ,11:16:00,3359456,,
W21A,1308,松本 愛,匿名走林会,11:16:00,,,レンタル
M75A,1408,加藤 拓也,-,11:16:00,3965006,,
M21A1,1117,伊藤 誠,サンプルOLC,11:17:00,7768566,,
M21A2,1217,斎藤 翔太,デモOLK,11:17:00,3102023,,
M21A1,1118,斎藤 拓也,-,11:18:00,,,レンタル
M21A2,1218,伊藤 美咲,テストクラブ,11:18:00,4035400,,
W21A,1309,中村 真由,架空OLC,11:18:00,8594048,,
W75A,1409,山本 花子,デモOLK,11:18:00,2939306,,
M21A1,1119,松本 浩,サンプルOLC,11:19:00,,,レンタル
M21A2,1219,林 誠,仮想クラブ,11:19:00,,,レンタル
M21A1,1120,木村 直樹,-,11:20:00,,,レンタル
M21A2,1220,山田 大輝,デモOLK,11:20:00,,,レンタル
W21A,1310,山口 愛,サンプルOLC,11:20:00,,,レンタル
C,1410,田中 麻衣,デモOLK,11:20:00,,,レンタル
M21A1,1121,山口 健太,架空OLC,11:21:00,,,レンタル
M21A2,1221,清水 翔太,架空OLC,11:21:00,9152878,,
M21A1,1122,斎藤 拓也,匿名走林会,11:22:00,9436371,,
M21A2,1222,伊藤 太郎,デモOLK,11:22:00,6783595,,
W21A,1311,木村 花子,テストクラブ,11:22:00,8553736,,
C,1411,渡辺 美咲,デモOLK,11:22:00,,,レンタル
M21A1,1123,伊藤 健太,-,11:23:00,,,レンタル
M21A2,1223,小林 誠,仮想クラブ,11:23:00,2174760,,
M21A1,1124,佐藤 太郎,デモOLK,11:24:00,,,レンタル
M21A2,1224,林 浩,デモOLK,11:24:00,3232786,,
W21A,1312,高橋 由美,仮想クラブ,11:24:00,4460136,,
C,1412,小林 一郎,テストクラブ,11:24:00,9603146,,
M21A1,1125,佐藤 太郎,テストクラブ,11:25:00,6229989,,
M21A2,1225,高橋 大輝,匿名走林会,11:25:00,2964293,,
M21A1,1126,山口 健太,デモOLK,11:26:00,,,レンタル
M21A2,1226,伊藤 健,架空OLC,11:26:00,,,レンタル
W21A,1313,斎藤 恵子,サンプルOLC,11:26:00,,,レンタル
W12,1413,山田 陽子,匿名走林会,11:26:00,,,レンタル
M21A1,1127,高橋 拓也,匿名走林会,11:27:00,,,レンタル
M21A2,1227,鈴木 大輝,匿名走林会,11:27:00,,,レンタル
M21A1,1128,中村 翔太,デモOLK,11:28:00,,,レンタル
M21A2,1228,田中 拓也,仮想クラブ,11:28:00,2550867,,
W21A,1314,中村 由美,-,11:28:00,,,レンタル
B,1414,清水 健太,テストクラブ,11:28:00,,,レンタル
M21A1,1129,森 健,-,11:29:00,,,レンタル
M21A2,1229,伊藤 太郎,匿名走林会,11:29:00,4855322,,
M21A1,1130,井上 一郎,テストクラブ,11:30:00,8947877,,
M21A2,1230,井上 直樹,仮想クラブ,11:30:00,6402250,,
W21A,1315,斎藤 麻衣,サンプルOLC,11:30:00,9447635,,
B,1415,山田 浩,-,11:30:00,,,レンタル
M21A1,1131,山口 健,仮想クラブ,11:31:00,,,レンタル
M21A2,1231,林 翔太,架空OLC,11:31:00,,,レンタル
M21A1,1132,林 拓也,匿名走林会,11:32:00,3856029,,
M21A2,1232,山田 大輝,匿名走林会,11:32:00,,,レンタル
W21A,1316,斎藤 裕子,架空OLC,11:32:00,1639515,,
B,1416,山本 翔太,-,11:32:00,,,レンタル
M21A1,1133,吉田 一郎,サンプルOLC,11:33:00,1021637,,
M21A2,1233,鈴木 誠,デモOLK,11:33:00,,,レンタル
M21A1,1134,伊藤 大輝,架空OLC,11:34:00,,,レンタル
M21A2,1234,森 健太,テストクラブ,11:34:00,,,レンタル
W21A,1317,小林 陽子,サンプルOLC,11:34:00,6495402,,
B,1417,中村 大輝,デモOLK,11:34:00,,,レンタル
M21A1,1135,佐藤 直樹,匿名走林会,11:35:00,,,レンタル
M21A2,1235,林 一郎,仮想クラブ,11:35:00,,,レンタル
M21A1,1136,山田 健,架空OLC,11:36:00,,,レンタル
M21A2,1236,伊藤 大輝,サンプルOLC,11:36:00,,,レンタル
W21A,1318,山田 麻衣,デモOLK,11:36:00,,,レンタル
B,1418,清水 彩,サンプルOLC,11:36:00,,,レンタル
M21A1,1137,斎藤 太郎,匿名走林会,11:37:00,,,レンタル
M21A2,1237,林 誠,仮想クラブ,11:37:00,3085215,,
M21A1,1138,伊藤 誠,架空OLC,11:38:00,6878725,,
M21A2,1238,伊藤 翔太,サンプルOLC,11:38:00,5446236,,
W21A,1319,小林 恵子,サンプルOLC,11:38:00,8288938,,
B,1419,伊藤 健太,-,11:38:00,,,レンタル
M21A1,1139,林 健太,仮想クラブ,11:39:00,,,レンタル
M21A2,1239,清水 拓也,デモOLK,11:39:00,8983114,,
M21A1,1140,高橋 健,-,11:40:00,,,レンタル
M21A2,1240,鈴木 直樹,サンプルOLC,11:40:00,,,レンタル
W21A,1320,林 花子,架空OLC,11:40:00,,,レンタル
B,1420,山口 太郎,-,11:40:00,,,レンタル
M21A1,1141,林 太郎,匿名走林会,11:41:00,,,レンタル
M21A2,1241,井上 健太,テストクラブ,11:41:00,,,レンタル
M21A1,1142,林 一郎,テストクラブ,11:42:00,,,レンタル
M21A2,1242,清水 拓也,サンプルOLC,11:42:00,,,レンタル
W21A,1321,森 裕子,サンプルOLC,11:42:00,3820604,,
B,1421,山本 浩,-,11:42:00,3824896,,
M21A1,1143,高橋 太郎,デモOLK,11:43:00,3760348,,
M21A2,1243,斎藤 浩,-,11:43:00,,,レンタル
M21A1,1144,木村 一郎,-,11:44:00,,,レンタル
M21A2,1244,山口 翔太,架空OLC,11:44:00,8897296,,
W21A,1322,中村 由美,-,11:44:00,,,レンタル
B,1422,山田 恵子,デモOLK,11:44:00,,,レンタル
M21A1,1145,伊藤 太郎,サンプルOLC,11:45:00,,,レンタル
M21A2,1245,伊藤 太郎,仮想クラブ,11:45:00,,,レンタル
M21A1,1146,清水 健,-,11:46:00,6434546,,
M21A2,1246,中村 直樹,-,11:46:00,3256947,,
W21A,1323,清水 麻衣,-,11:46:00,,,レンタル
M15A,1423,田中 翔太,-,11:46:00,,,レンタル
M21A1,1147,佐藤 一郎,-,11:47:00,,,レンタル
M21A2,1247,渡辺 翔太,テストクラブ,11:47:00,3978083,,
M21A1,1148,鈴木 直樹,-,11:48:00,,,レンタル
M21A2,1248,小林 健太,仮想クラブ,11:48:00,,,レンタル
W21A,1324,林 陽子,架空OLC,11:48:00,,,レンタル
W15A,1424,山本 真由,匿名走林会,11:48:00,4226333,,
M21A1,1149,吉田 拓也,匿名走林会,11:49:00,,,レンタル
M21A2,1249,斎藤 翔太,デモOLK,11:49:00,,,レンタル
M21A1,1150,小林 一郎,-,11:50:00,,,レンタル
M21A2,1250,小林 健太,テストクラブ,11:50:00,,,レンタル
W21A,1325,中村 裕子,-,11:50:00,,,レンタル
WF,1425,鈴木 愛,架空OLC,11:50:00,,,レンタル
M21A1,1151,山口 健太,-,11:51:00,,,レンタル
M21A2,1251,井上 健,匿名走林会,11:51:00,,,レンタル
M21A1,1152,渡辺 拓也,匿名走林会,11:52:00,6127871,,
M21A2,1252,吉田 翔太,-,11:52:00,,,レンタル
W21A,1326,森 花子,架空OLC,11:52:00,,,レンタル
WF,1426,高橋 真由,匿名走林会,11:52:00,,,レンタル
M21A1,1153,松本 直樹,仮想クラブ,11:53:00,,,レンタル
M21A2,1253,斎藤 健,テストクラブ,11:53:00,,,レンタル
M21A1,1154,山本 翔太,-,11:54:00,7659560,,
M21A2,1254,森 太郎,匿名走林会,11:54:00,,,レンタル
W21A,1327,井上 由美,サンプルOLC,11:54:00,3498678,,
WF,1427,小林 恵子,テストクラブ,11:54:00,,,レンタル
M21A1,1155,木村 誠,匿名走林会,11:55:00,6822224,,
M21A2,1255,鈴木 拓也,テストクラブ,11:55:00,2003276,,
M21A1,1156,佐藤 直樹,デモOLK,11:56:00,7653256,,
M21A2,1256,松本 誠,匿名走林会,11:56:00,,,レンタル
W21A,1328,加藤 愛,架空OLC,11:56:00,9705455,,
WF,1428,伊藤 彩,デモOLK,11:56:00,,,レンタル
M21A1,1157,高橋 誠,テストクラブ,11:57:00,,,レンタル
M21A2,1257,伊藤 健,テストクラブ,11:57:00,,,レンタル
M21A1,1158,加藤 浩,デモOLK,11:58:00,,,レンタル
M21A2,1258,木村 拓也,仮想クラブ,11:58:00,5426437,,
W21A,1329,高橋 陽子,仮想クラブ,11:58:00,,,レンタル
WF,1429,小林 真由,テストクラブ,11:58:00,,,レンタル
M21A1,1159,森 健,テストクラブ,11:59:00,1565474,,
M21A2,1259,井上 直樹,デモOLK,11:59:00,,,レンタル
M21A1,1160,佐藤 一郎,デモOLK,12:00:00,,,レンタル
M21A2,1260,井上 翔太,テストクラブ,12:00:00,,,レンタル
W21A,1330,高橋 裕子,サンプルOLC,12:00:00,9100323,,
WF,1430,清水 花子,-,12:00:00,,,レンタル
M21A1,1161,渡辺 一郎,架空OLC,12:01:00,5143312,,
M21A2,1261,松本 誠,匿名走林会,12:01:00,,,レンタル
M21A1,1162,小林 健太,テストクラブ,12:02:00,,,レンタル
M21A2,1262,清水 大輝,テストクラブ,12:02:00,,,レンタル
W21A,1331,高橋 美咲,架空OLC,12:02:00,,,レンタル
WF,1431,木村 由美,テストクラブ,12:02:00,,,レンタル
M21A1,1163,渡辺 拓也,匿名走林会,12:03:00,,,レンタル
M21A2,1263,松本 健,仮想クラブ,12:03:00,9635639,,
M21A1,1164,山田 健,デモOLK,12:04:00,3868578,,
M21A2,1264,中村 拓也,デモOLK,12:04:00,8576831,,
W21A,1332,山口 麻衣,テストクラブ,12:04:00,,,レンタル
M65A,1432,加藤 浩,仮想クラブ,12:04:00,6170757,,
M21A1,1165,佐藤 大輝,仮想クラブ,12:05:00,,,レンタル
M21A2,1265,井上 誠,サンプルOLC,12:05:00,,,レンタル
M21A1,1166,井上 健,テストクラブ,12:06:00,4867104,,
M21A2,1266,小林 健太,仮想クラブ,12:06:00,,,レンタル
W21A,1333,林 真由,匿名走林会,12:06:00,,,レンタル
M65A,1433,山本 健,サンプルOLC,12:06:00,7111789,,
M21A1,1167,森 健太,-,12:07:00,,,レンタル
M21A2,1267,森 健,-,12:07:00,2463161,,
M21A1,1168,中村 誠,-,12:08:00,,,レンタル
M21A2,1268,井上 健太,匿名走林会,12:08:00,,,レンタル
W21A,1334,中村 愛,-,12:08:00,,,レンタル
M65A,1434,吉田 太郎,サンプルOLC,12:08:00,6075280,,
M21A1,1169,松本 健,テストクラブ,12:09:00,,,レンタル
M21A2,1269,中村 拓也,サンプルOLC,12:09:00,,,レンタル
M21A1,1170,高橋 直樹,サンプルOLC,12:10:00,6625433,,
M21A2,1270,加藤 翔太,デモOLK,12:10:00,9950074,,
W21A,1335,松本 恵子,デモOLK,12:10:00,,,レンタル
M65A,1435,山田 一郎,テストクラブ,12:10:00,,,レンタル
W21A,1336,斎藤 恵子,仮想クラブ,12:12:00,,,レンタル
M65A,1436,渡辺 一郎,匿名走林会,12:12:00,6229495,,
W21A,1337,渡辺 彩,-,12:14:00,1452642,,
M65A,1437,鈴木 太郎,匿名走林会,12:14:00,,,レンタル
W21A,1338,鈴木 裕子,仮想クラブ,12:16:00,,,レンタル
M65A,1438,山口 誠,仮想クラブ,12:16:00,,,レンタル
W21A,1339,林 美咲,デモOLK,12:18:00,,,レンタル
M65A,1439,小林 浩,テストクラブ,12:18:00,1126950,,
W21A,1340,吉田 由美,仮想クラブ,12:20:00,,,レンタル
M65A,1440,山田 拓也,-,12:20:00,2817681,,
W21A,1341,山口 美咲,-,12:22:00,3964622,,
M65A,1441,中村 健,仮想クラブ,12:22:00,,,レンタル
W21A,1342,田中 愛,匿名走林会,12:24:00,8890799,,
M65A,1442,山田 太郎,匿名走林会,12:24:00,3987694,,
W21A,1343,高橋 恵子,-,12:26:00,,,レンタル
M65A,1443,山口 太郎,テストクラブ,12:26:00,3808157,,
W21A,1344,林 美咲,テストクラブ,12:28:00,5988628,,
M65A,1444,山口 翔太,匿名走林会,12:28:00,,,レンタル
W21A,1345,森 美咲,匿名走林会,12:30:00,,,レンタル
M65A,1445,山田 誠,架空OLC,12:30:00,5991139,,
W21A,1346,鈴木 陽子,テストクラブ,12:32:00,,,レンタル
M65A,1446,鈴木 直樹,サンプルOLC,12:32:00,4994688,,
W21A,1347,伊藤 美咲,デモOLK,12:34:00,,,レンタル
M65A,1447,井上 一郎,匿名走林会,12:34:00,,,レンタル
M35A,1348,山口 誠,-,12:36:00,5777493,,
M65A,1448,山口 健,匿名走林会,12:36:00,6578848,,
M35A,1349,田中 拓也,デモOLK,12:38:00,,,レンタル
M65A,1449,松本 健,架空OLC,12:38:00,,,レンタル
M35A,1350,鈴木 拓也,-,12:40:00,,,レンタル
M65A,1450,渡辺 翔太,デモOLK,12:40:00,3706623,,
M35A,1351,森 翔太,デモOLK,12:42:00,,,レンタル
W50A,1451,田中 陽子,架空OLC,12:42:00,,,レンタル
M35A,1352,山口 健,サンプルOLC,12:44:00,,,レンタル
W50A,1452,山口 真由,テストクラブ,12:44:00,,,レンタル
M35A,1353,山本 一郎,-,12:46:00,,,レンタル
W50A,1453,清水 美咲,-,12:46:00,,,レンタル
M35A,1354,井上 拓也,テストクラブ,12:48:00,8301600,,
W50A,1454,渡辺 陽子,-,12:48:00,6833903,,
M35A,1355,山口 大輝,架空OLC,12:50:00,,,レンタル
W50A,1455,斎藤 花子,-,12:50:00,,,レンタル
M35A,1356,井上 拓也,サンプルOLC,12:52:00,3852881,,
W50A,1456,吉田 裕子,匿名走林会,12:52:00,7517807,,
M35A,1357,山田 一郎,-,12:54:00,,,レンタル
W50A,1457,佐藤 花子,匿名走林会,12:54:00,,,レンタル
M35A,1358,高橋 大輝,サンプルOLC,12:56:00,,,レンタル
W50A,1458,斎藤 彩,テストクラブ,12:56:00,,,レンタル
M35A,1359,山本 大輝,-,12:58:00,1602575,,
W50A,1459,林 裕子,架空OLC,12:58:00,,,レンタル
M35A,1360,林 大輝,サンプルOLC,13:00:00,,,レンタル
W50A,1460,渡辺 真由,デモOLK,13:00:00,,,レンタル
M21AS,1361,小林 浩,デモOLK,13:02:00,,,レンタル
W50A,1461,中村 愛,テストクラブ,13:02:00,,,レンタル
W50A,1462,小林 恵子,仮想クラブ,13:04:00,,,レンタル
M21AS,1362,鈴木 翔太,匿名走林会,13:05:00,,,レンタル
W50A,1463,中村 愛,仮想クラブ,13:06:00,2297859,,
M21AS,1363,森 健,デモOLK,13:08:00,5281449,,
W50A,1464,林 美咲,架空OLC,13:08:00,3939578,,
W21AS,1465,山口 花子,架空OLC,13:10:00,,,レンタル
M21AS,1364,斎藤 大輝,-,13:11:00,,,レンタル
W21AS,1466,高橋 裕子,仮想クラブ,13:13:00,,,レンタル
M21AS,1365,高橋 誠,デモOLK,13:14:00,6962741,,
W21AS,1467,佐藤 麻衣,匿名走林会,13:16:00,,,レンタル
M21AS,1366,佐藤 大輝,-,13:17:00,,,レンタル
W21AS,1468,山口 真由,架空OLC,13:19:00,,,レンタル
M21AS,1367,鈴木 直樹,仮想クラブ,13:20:00,2382054,,
G,1469,森 一郎,-,13:22:00,,,レンタル
M21AS,1368,高橋 一郎,-,13:23:00,,,レンタル
G,1470,清水 美咲,匿名走林会,13:24:00,,,レンタル
M21AS,1369,佐藤 拓也,テストクラブ,13:26:00,,,レンタル
G,1471,加藤 拓也,-,13:26:00,,,レンタル
G,1472,松本 健太,-,13:28:00,,,レンタル
M21AS,1370,山口 一郎,架空OLC,13:29:00,6226994,,
G,1473,吉田 拓也,匿名走林会,13:30:00,,,レンタル
M21AS,1371,吉田 翔太,仮想クラブ,13:32:00,,,レンタル
G,1474,山田 大輝,-,13:32:00,,,レンタル
G,1475,中村 浩,匿名走林会,13:34:00,,,レンタル
M21AS,1372,山田 翔太,-,13:35:00,,,レンタル
N,1476,木村 太郎,-,13:36:00,,,レンタル
M21AS,1373,林 一郎,仮想クラブ,13:38:00,,,レンタル
N,1477,高橋 大輝,匿名走林会,13:38:00,,,レンタル
N,1478,中村 美咲,-,13:40:00,,,レンタル
M21AS,1374,渡辺 誠,デモOLK,13:41:00,,,レンタル
W10,1479,田中 彩,-,13:42:00,,,レンタル
M21AS,1375,田中 拓也,-,13:44:00,,,レンタル
M21AS,1376,井上 太郎,仮想クラブ,13:47:00,,,レンタル
M50A,1377,高橋 太郎,-,13:50:00,,,レンタル
M50A,1378,伊藤 翔太,仮想クラブ,13:52:00,,,レンタル
M50A,1379,木村 拓也,サンプルOLC,13:54:00,,,レンタル
M50A,1380,松本 大輝,デモOLK,13:56:00,5703120,,
M50A,1381,井上 浩,匿名走林会,13:58:00,3754585,,
M50A,1382,伊藤 直樹,仮想クラブ,14:00:00,,,レンタル
M50A,1383,佐藤 一郎,-,14:02:00,7561951,,
M50A,1384,中村 直樹,仮想クラブ,14:04:00,9311607,,
M50A,1385,田中 直樹,デモOLK,14:06:00,,,レンタル
M50A,1386,高橋 健,仮想クラブ,14:08:00,9902418,,
M50A,1387,吉田 一郎,テストクラブ,14:10:00,,,レンタル
M50A,1388,佐藤 浩,仮想クラブ,14:12:00,1063159,,
M50A,1389,高橋 太郎,-,14:14:00,,,レンタル
M50A,1390,加藤 浩,仮想クラブ,14:16:00,1740632,,
M50A,1391,林 翔太,-,14:18:00,,,レンタル
M50A,1392,山田 直樹,デモOLK,14:20:00,,,レンタル
M50A,1393,林 翔太,仮想クラブ,14:22:00,,,レンタル
M50A,1394,山口 翔太,-,14:24:00,,,レンタル
M50A,1395,清水 太郎,匿名走林会,14:26:00,,,レンタル
M50A,1396,林 大輝,仮想クラブ,14:28:00,2339831,,
M50A,1397,松本 健,匿名走林会,14:30:00,,,レンタル
M50A,1398,渡辺 大輝,仮想クラブ,14:32:00,,,レンタル
M50A,1399,中村 拓也,-,14:34:00,,,レンタル
M50A,1400,清水 翔太,-,14:36:00,,,レンタル
M50A,1401,斎藤 拓也,架空OLC,14:38:00,2156723,,
M50A,1402,斎藤 浩,デモOLK,14:40:00,7566557,,
M50A,1403,山田 浩,サンプルOLC,14:42:00,,,レンタル
M50A,1404,井上 誠,架空OLC,14:44:00,,,レンタル
M50A,1405,佐藤 翔太,デモOLK,14:46:00,,,レンタル
M50A,1406,伊藤 直樹,匿名走林会,14:48:00,,,レンタル
M50A,1407,山本 拓也,サンプルOLC,14:50:00,8647944,,
M50A,1408,佐藤 太郎,テストクラブ,14:52:00,3320510,,
M50A,1409,山本 健太,匿名走林会,14:54:00,4393633,,
M50A,1410,木村 健,架空OLC,14:56:00,7291805,,
M50A,1411,加藤 一郎,-,14:58:00,,,レンタル
M50A,1412,清水 健,サンプルOLC,15:00:00,,,レンタル
M50A,1413,加藤 健,テストクラブ,15:02:00,,,レンタル
M50A,1414,渡辺 翔太,サンプルOLC,15:04:00,,,レンタル
M50A,1415,林 直樹,仮想クラブ,15:06:00,,,レンタル
M50A,1416,中村 直樹,匿名走林会,15:08:00,3053305,,
M50A,1417,斎藤 一郎,仮想クラブ,15:10:00,,,レンタル
M50A,1418,吉田 直樹,-,15:12:00,,,レンタル
M50A,1419,山口 翔太,仮想クラブ,15:14:00,3989503,,
M50A,1420,鈴木 太郎,テストクラブ,15:16:00,,,レンタル
M50A,1421,森 翔太,仮想クラブ,15:18:00,,,レンタル
M50A,1422,鈴木 直樹,テストクラブ,15:20:00,2936215,,
M50A,1423,吉田 誠,匿名走林会,15:22:00,,,レンタル
M50A,1424,吉田 拓也,テストクラブ,15:24:00,,,レンタル
M50A,1425,木村 健,仮想クラブ,15:26:00,3272053,,
M50A,1426,斎藤 一郎,テストクラブ,15:28:00,,,レンタル
M50A,1427,森 直樹,デモOLK,15:30:00,2860332,,
M50A,1428,伊藤 大輝,匿名走林会,15:32:00,,,レンタル
M50A,1429,井上 太郎,デモOLK,15:34:00,3876117,,
M50A,1430,山田 太郎,架空OLC,15:36:00,,,レンタル
W35A,1431,斎藤 愛,テストクラブ,15:38:00,4053512,,
W35A,1432,井上 花子,-,15:40:00,8207044,,
W35A,1433,井上 由美,-,15:42:00,,,レンタル
W35A,1434,田中 彩,デモOLK,15:44:00,9640957,,
W35A,1435,山本 麻衣,サンプルOLC,15:46:00,,,レンタル
M20A,1436,斎藤 健,テストクラブ,15:48:00,,,レンタル
M20A,1437,渡辺 翔太,-,15:50:00,,,レンタル
M20A,1438,高橋 誠,サンプルOLC,15:52:00,,,レンタル
M20A,1439,山田 浩,匿名走林会,15:54:00,,,レンタル
M20A,1440,山田 一郎,サンプルOLC,15:56:00,,,レンタル
M20A,1441,森 一郎,デモOLK,15:58:00,,,レンタル
M20A,1442,山田 拓也,サンプルOLC,16:00:00,,,レンタル
M20A,1443,井上 直樹,テストクラブ,16:02:00,,,レンタル
M20A,1444,山田 翔太,サンプルOLC,16:04:00,,,レンタル
