クラス,スタートナンバー,氏名１,氏名2,所属,スタート時刻,カード番号,カード備考,競技者登録番号
M21A1,1100,田中 太郎,たなか たろう,-,11:00:00,2377870,my card,350-41-725
M21A2,1200,山田 大輝,やまだ だいき,匿名走林会,11:00:00,7929016,my card,787-87-942
W20A,1300,小林 裕子,こばやし ゆうこ,匿名走林会,11:00:00,,レンタル,958-56-653
W65A,1400,山本 花子,やまもと はなこ,架空OLC,11:00:00,1347000,my card,747-77-112
M21A1,1101,松本 直樹,まつもと なおき,サンプルOLC,11:01:00,,レンタル,125-58-758
M21A2,1201,林 健,はやし けん,サンプルOLC,11:01:00,,レンタル,999-71-331
M21A1,1102,森 翔太,もり しょうた,架空OLC,11:02:00,,レンタル,375-24-167
M21A2,1202,松本 太郎,まつもと たろう,匿名走林会,11:02:00,,レンタル,
W20A,1301,山口 由美,やまぐち ゆみ,匿名走林会,11:02:00,,レンタル,311-57-583
W65A,1401,高橋 花子,たかはし はなこ,サンプルOLC,11:02:00,8020633,my card,305-55-917
M21A1,1103,山口 翔太,やまぐち しょうた,匿名走林会,11:03:00,7468616,my card,994-70-845
M21A2,1203,吉田 健,よしだ けん,架空OLC,11:03:00,,レンタル,
M21A1,1104,佐藤 誠,さとう まこと,デモOLK,11:04:00,1079546,my card,309-40-339
M21A2,1204,高橋 誠,たかはし まこと,仮想クラブ,11:04:00,7857477,my card,948-88-408
M18A,1302,吉田 拓也,よしだ たくや,デモOLK,11:04:00,,レンタル,491-88-126
W65A,1402,田中 真由,たなか まゆ,デモOLK,11:04:00,7526241,my card,143-58-849
M21A1,1105,田中 直樹,たなか なおき,架空OLC,11:05:00,4764027,my card,157-12-690
M21A2,1205,松本 誠,まつもと まこと,-,11:05:00,7663315,my card,599-57-787
M21A1,1106,山田 誠,やまだ まこと,デモOLK,11:06:00,,レンタル,556-34-967
M21A2,1206,山本 拓也,やまもと たくや,架空OLC,11:06:00,,レンタル,
M18A,1303,山田 拓也,やまだ たくや,サンプルOLC,11:06:00,7952921,my card,118-45-962
W65A,1403,林 彩,はやし あや,仮想クラブ,11:06:00,8839296,my card,840-12-713
M21A1,1107,吉田 健,よしだ けん,サンプルOLC,11:07:00,8897206,my card,219-95-984
M21A2,1207,林 大輝,はやし だいき,匿名走林会,11:07:00,8228746,my card,436-34-902
M21A1,1108,佐藤 拓也,さとう たくや,仮想クラブ,11:08:00,5894200,my card,162-49-650
M21A2,1208,清水 誠,しみず まこと,架空OLC,11:08:00,,レンタル,354-71-922
MF,1304,井上 誠,いのうえ まこと,サンプルOLC,11:08:00,,レンタル,103-24-612
M75A,1404,山田 健太,やまだ けんた,架空OLC,11:08:00,2069313,my card,303-26-967
M21A1,1109,井上 誠,いのうえ まこと,-,11:09:00,,レンタル,377-97-649
M21A2,1209,加藤 浩,かとう ひろし,-,11:09:00,7055432,my card,847-48-190
M21A1,1110,伊藤 浩,いとう ひろし,テストクラブ,11:10:00,,レンタル,
M21A2,1210,渡辺 浩,わたなべ ひろし,架空OLC,11:10:00,7775331,my card,169-11-151
MF,1305,林 直樹,はやし なおき,テストクラブ,11:10:00,,レンタル,485-90-341
M75A,1405,山口 誠,やまぐち まこと,架空OLC,11:10:00,8903786,my card,
M21A1,1111,高橋 太郎,たかはし たろう,サンプルOLC,11:11:00,5796340,my card,418-83-466
M21A2,1211,小林 拓也,こばやし たくや,デモOLK,11:11:00,,レンタル,365-10-756
M21A1,1112,松本 翔太,まつもと しょうた,架空OLC,11:12:00,,レンタル,262-84-214
M21A2,1212,森 健太,もり けんた,テストクラブ,11:12:00,,レンタル,359-57-377
MF,1306,渡辺 直樹,わたなべ なおき,匿名走林会,11:12:00,,レンタル,121-37-691
M75A,1406,鈴木 一郎,すずき いちろう,架空OLC,11:12:00,8109371,my card,745-54-479
M21A1,1113,鈴木 大輝,すずき だいき,仮想クラブ,11:13:00,2081473,my card,230-73-309
M21A2,1213,清水 一郎,しみず いちろう,デモOLK,11:13:00,8376627,my card,333-76-974
M21A1,1114,清水 大輝,しみず だいき,デモOLK,11:14:00,6520472,my card,555-78-597
M21A2,1214,井上 拓也,いのうえ たくや,サンプルOLC,11:14:00,,レンタル,186-35-399
W21A,1307,吉田 麻衣,よしだ まい,仮想クラブ,11:14:00,8209036,my card,268-31-674
M75A,1407,加藤 誠,かとう まこと,-,11:14:00,8577888,my card,322-94-258
M21A1,1115,山本 翔太,やまもと しょうた,架空OLC,11:15:00,,レンタル,888-24-156
M21A2,1215,井上 一郎,いのうえ いちろう,デモOLK,11:15:00,,レンタル,650-93-423
M21A1,1116,田中 誠,たなか まこと,匿名走林会,11:16:00,9022472,my card,870-12-701
M21A2,1216,林 健太,はやし けんた,テストクラブ,11:16:00,3359456,my card,
W21A,1308,松本 愛,まつもと あい,匿名走林会,11:16:00,,レンタル,487-50-980
M75A,1408,加藤 拓也,かとう たくや,-,11:16:00,3965006,my card,963-94-809
M21A1,1117,伊藤 誠,いとう まこと,サンプルOLC,11:17:00,7768566,my card,312-91-546
M21A2,1217,斎藤 翔太,さいとう しょうた,デモOLK,11:17:00,3102023,my card,
M21A1,1118,斎藤 拓也,さいとう たくや,-,11:18:00,,レンタル,
M21A2,1218,伊藤 美咲,いとう みさき,テストクラブ,11:18:00,4035400,my card,433-57-254
W21A,1309,中村 真由,なかむら まゆ,架空OLC,11:18:00,8594048,my card,922-97-708
W75A,1409,山本 花子,やまもと はなこ,デモOLK,11:18:00,2939306,my card,119-43-588
M21A1,1119,松本 浩,まつもと ひろし,サンプルOLC,11:19:00,,レンタル,576-28-345
M21A2,1219,林 誠,はやし まこと,仮想クラブ,11:19:00,,レンタル,524-51-592
M21A1,1120,木村 直樹,きむら なおき,-,11:20:00,,レンタル,443-20-724
M21A2,1220,山田 大輝,やまだ だいき,デモOLK,11:20:00,,レンタル,489-70-280
W21A,1310,山口 愛,やまぐち あい,サンプルOLC,11:20:00,,レンタル,846-11-226
C,1410,田中 麻衣,たなか まい,デモOLK,11:20:00,,レンタル,
M21A1,1121,山口 健太,やまぐち けんた,架空OLC,11:21:00,,レンタル,636-36-287
M21A2,1221,清水 翔太,しみず しょうた,架空OLC,11:21:00,9152878,my card,482-74-183
M21A1,1122,斎藤 拓也,さいとう たくや,匿名走林会,11:22:00,9436371,my card,624-63-879
M21A2,1222,伊藤 太郎,いとう たろう,デモOLK,11:22:00,6783595,my card,778-37-313
W21A,1311,木村 花子,きむら はなこ,テストクラブ,11:22:00,8553736,my card,191-87-811
C,1411,渡辺 美咲,わたなべ みさき,デモOLK,11:22:00,,レンタル,
M21A1,1123,伊藤 健太,いとう けんた,-,11:23:00,,レンタル,
M21A2,1223,小林 誠,こばやし まこと,仮想クラブ,11:23:00,2174760,my card,809-83-607
M21A1,1124,佐藤 太郎,さとう たろう,デモOLK,11:24:00,,レンタル,499-76-731
M21A2,1224,林 浩,はやし ひろし,デモOLK,11:24:00,3232786,my card,966-39-502
W21A,1312,高橋 由美,たかはし ゆみ,仮想クラブ,11:24:00,4460136,my card,888-16-157
C,1412,小林 一郎,こばやし いちろう,テストクラブ,11:24:00,9603146,my card,255-70-281
M21A1,1125,佐藤 太郎,さとう たろう,テストクラブ,11:25:00,6229989,my card,771-34-119
M21A2,1225,高橋 大輝,たかはし だいき,匿名走林会,11:25:00,2964293,my card,410-23-692
M21A1,1126,山口 健太,やまぐち けんた,デモOLK,11:26:00,,レンタル,
M21A2,1226,伊藤 健,いとう けん,架空OLC,11:26:00,,レンタル,
W21A,1313,斎藤 恵子,さいとう けいこ,サンプルOLC,11:26:00,,レンタル,297-51-395
W12,1413,山田 陽子,やまだ ようこ,匿名走林会,11:26:00,,レンタル,657-85-822
M21A1,1127,高橋 拓也,たかはし たくや,匿名走林会,11:27:00,,レンタル,689-90-584
M21A2,1227,鈴木 大輝,すずき だいき,匿名走林会,11:27:00,,レンタル,189-26-351
M21A1,1128,中村 翔太,なかむら しょうた,デモOLK,11:28:00,,レンタル,
M21A2,1228,田中 拓也,たなか たくや,仮想クラブ,11:28:00,2550867,my card,276-39-968
W21A,1314,中村 由美,なかむら ゆみ,-,11:28:00,,レンタル,
B,1414,清水 健太,しみず けんた,テストクラブ,11:28:00,,レンタル,
M21A1,1129,森 健,もり けん,-,11:29:00,,レンタル,394-98-674
M21A2,1229,伊藤 太郎,いとう たろう,匿名走林会,11:29:00,4855322,my card,781-27-460
M21A1,1130,井上 一郎,いのうえ いちろう,テストクラブ,11:30:00,8947877,my card,652-85-279
M21A2,1230,井上 直樹,いのうえ なおき,仮想クラブ,11:30:00,6402250,my card,205-87-618
W21A,1315,斎藤 麻衣,さいとう まい,サンプルOLC,11:30:00,9447635,my card,303-86-480
B,1415,山田 浩,やまだ ひろし,-,11:30:00,,レンタル,
M21A1,1131,山口 健,やまぐち けん,仮想クラブ,11:31:00,,レンタル,808-60-850
M21A2,1231,林 翔太,はやし しょうた,架空OLC,11:31:00,,レンタル,245-59-780
M21A1,1132,林 拓也,はやし たくや,匿名走林会,11:32:00,3856029,my card,576-44-937
M21A2,1232,山田 大輝,やまだ だいき,匿名走林会,11:32:00,,レンタル,422-63-134
W21A,1316,斎藤 裕子,さいとう ゆうこ,架空OLC,11:32:00,1639515,my card,
B,1416,山本 翔太,やまもと しょうた,-,11:32:00,,レンタル,
M21A1,1133,吉田 一郎,よしだ いちろう,サンプルOLC,11:33:00,1021637,my card,380-46-274
M21A2,1233,鈴木 誠,すずき まこと,デモOLK,11:33:00,,レンタル,112-38-341
M21A1,1134,伊藤 大輝,いとう だいき,架空OLC,11:34:00,,レンタル,654-31-278
M21A2,1234,森 健太,もり けんた,テストクラブ,11:34:00,,レンタル,324-87-524
W21A,1317,小林 陽子,こばやし ようこ,サンプルOLC,11:34:00,6495402,my card,764-37-935
B,1417,中村 大輝,なかむら だいき,デモOLK,11:34:00,,レンタル,
M21A1,1135,佐藤 直樹,さとう なおき,匿名走林会,11:35:00,,レンタル,830-46-315
M21A2,1235,林 一郎,はやし いちろう,仮想クラブ,11:35:00,,レンタル,985-12-421
M21A1,1136,山田 健,やまだ けん,架空OLC,11:36:00,,レンタル,529-11-150
M21A2,1236,伊藤 大輝,いとう だいき,サンプルOLC,11:36:00,,レンタル,663-64-670
W21A,1318,山田 麻衣,やまだ まい,デモOLK,11:36:00,,レンタル,225-31-318
B,1418,清水 彩,しみず あや,サンプルOLC,11:36:00,,レンタル,688-24-641
M21A1,1137,斎藤 太郎,さいとう たろう,匿名走林会,11:37:00,,レンタル,583-16-123
M21A2,1237,林 誠,はやし まこと,仮想クラブ,11:37:00,3085215,my card,958-95-840
M21A1,1138,伊藤 誠,いとう まこと,架空OLC,11:38:00,6878725,my card,313-87-351
M21A2,1238,伊藤 翔太,いとう しょうた,サンプルOLC,11:38:00,5446236,my card,266-68-487
W21A,1319,小林 恵子,こばやし けいこ,サンプルOLC,11:38:00,8288938,my card,809-29-487
B,1419,伊藤 健太,いとう けんた,-,11:38:00,,レンタル,
M21A1,1139,林 健太,はやし けんた,仮想クラブ,11:39:00,,レンタル,649-75-718
M21A2,1239,清水 拓也,しみず たくや,デモOLK,11:39:00,8983114,my card,281-38-708
M21A1,1140,高橋 健,たかはし けん,-,11:40:00,,レンタル,515-50-516
M21A2,1240,鈴木 直樹,すずき なおき,サンプルOLC,11:40:00,,レンタル,373-62-974
W21A,1320,林 花子,はやし はなこ,架空OLC,11:40:00,,レンタル,551-89-465
B,1420,山口 太郎,やまぐち たろう,-,11:40:00,,レンタル,
M21A1,1141,林 太郎,はやし たろう,匿名走林会,11:41:00,,レンタル,156-16-294
M21A2,1241,井上 健太,いのうえ けんた,テストクラブ,11:41:00,,レンタル,401-11-781
M21A1,1142,林 一郎,はやし いちろう,テストクラブ,11:42:00,,レンタル,798-85-109
M21A2,1242,清水 拓也,しみず たくや,サンプルOLC,11:42:00,,レンタル,182-56-521
W21A,1321,森 裕子,もり ゆうこ,サンプルOLC,11:42:00,3820604,my card,624-95-975
B,1421,山本 浩,やまもと ひろし,-,11:42:00,3824896,my card,
M21A1,1143,高橋 太郎,たかはし たろう,デモOLK,11:43:00,3760348,my card,176-72-494
M21A2,1243,斎藤 浩,さいとう ひろし,-,11:43:00,,レンタル,908-76-224
M21A1,1144,木村 一郎,きむら いちろう,-,11:44:00,,レンタル,736-81-502
M21A2,1244,山口 翔太,やまぐち しょうた,架空OLC,11:44:00,8897296,my card,687-53-582
W21A,1322,中村 由美,なかむら ゆみ,-,11:44:00,,レンタル,486-62-398
B,1422,山田 恵子,やまだ けいこ,デモOLK,11:44:00,,レンタル,506-64-449
M21A1,1145,伊藤 太郎,いとう たろう,サンプルOLC,11:45:00,,レンタル,601-81-705
M21A2,1245,伊藤 太郎,いとう たろう,仮想クラブ,11:45:00,,レンタル,360-74-575
M21A1,1146,清水 健,しみず けん,-,11:46:00,6434546,my card,286-91-273
M21A2,1246,中村 直樹,なかむら なおき,-,11:46:00,3256947,my card,748-73-555
W21A,1323,清水 麻衣,しみず まい,-,11:46:00,,レンタル,701-14-580
M15A,1423,田中 翔太,たなか しょうた,-,11:46:00,,レンタル,
M21A1,1147,佐藤 一郎,さとう いちろう,-,11:47:00,,レンタル,361-75-931
M21A2,1247,渡辺 翔太,わたなべ しょうた,テストクラブ,11:47:00,3978083,my card,747-30-860
M21A1,1148,鈴木 直樹,すずき なおき,-,11:48:00,,レンタル,702-93-285
M21A2,1248,小林 健太,こばやし けんた,仮想クラブ,11:48:00,,レンタル,734-10-950
W21A,1324,林 陽子,はやし ようこ,架空OLC,11:48:00,,レンタル,802-61-846
W15A,1424,山本 真由,やまもと まゆ,匿名走林会,11:48:00,4226333,my card,225-70-432
M21A1,1149,吉田 拓也,よしだ たくや,匿名走林会,11:49:00,,レンタル,590-12-946
M21A2,1249,斎藤 翔太,さいとう しょうた,デモOLK,11:49:00,,レンタル,664-15-515
M21A1,1150,小林 一郎,こばやし いちろう,-,11:50:00,,レンタル,919-29-520
M21A2,1250,小林 健太,こばやし けんた,テストクラブ,11:50:00,,レンタル,343-58-495
W21A,1325,中村 裕子,なかむら ゆうこ,-,11:50:00,,レンタル,134-95-196
WF,1425,鈴木 愛,すずき あい,架空OLC,11:50:00,,レンタル,207-65-603
M21A1,1151,山口 健太,やまぐち けんた,-,11:51:00,,レンタル,138-47-934
M21A2,1251,井上 健,いのうえ けん,匿名走林会,11:51:00,,レンタル,488-24-354
M21A1,1152,渡辺 拓也,わたなべ たくや,匿名走林会,11:52:00,6127871,my card,178-16-851
M21A2,1252,吉田 翔太,よしだ しょうた,-,11:52:00,,レンタル,464-82-826
W21A,1326,森 花子,もり はなこ,架空OLC,11:52:00,,レンタル,134-34-913
WF,1426,高橋 真由,たかはし まゆ,匿名走林会,11:52:00,,レンタル,963-16-626
M21A1,1153,松本 直樹,まつもと なおき,仮想クラブ,11:53:00,,レンタル,942-56-432
M21A2,1253,斎藤 健,さいとう けん,テストクラブ,11:53:00,,レンタル,113-78-162
M21A1,1154,山本 翔太,やまもと しょうた,-,11:54:00,7659560,my card,358-90-411
M21A2,1254,森 太郎,もり たろう,匿名走林会,11:54:00,,レンタル,197-62-661
W21A,1327,井上 由美,いのうえ ゆみ,サンプルOLC,11:54:00,3498678,my card,510-11-399
WF,1427,小林 恵子,こばやし けいこ,テストクラブ,11:54:00,,レンタル,477-14-614
M21A1,1155,木村 誠,きむら まこと,匿名走林会,11:55:00,6822224,my card,227-92-175
M21A2,1255,鈴木 拓也,すずき たくや,テストクラブ,11:55:00,2003276,my card,569-40-947
M21A1,1156,佐藤 直樹,さとう なおき,デモOLK,11:56:00,7653256,my card,721-39-724
M21A2,1256,松本 誠,まつもと まこと,匿名走林会,11:56:00,,レンタル,814-42-902
W21A,1328,加藤 愛,かとう あい,架空OLC,11:56:00,9705455,my card,897-26-652
WF,1428,伊藤 彩,いとう あや,デモOLK,11:56:00,,レンタル,867-13-670
M21A1,1157,高橋 誠,たかはし まこと,テストクラブ,11:57:00,,レンタル,668-90-983
M21A2,1257,伊藤 健,いとう けん,テストクラブ,11:57:00,,レンタル,912-54-792
M21A1,1158,加藤 浩,かとう ひろし,デモOLK,11:58:00,,レンタル,162-63-209
M21A2,1258,木村 拓也,きむら たくや,仮想クラブ,11:58:00,5426437,my card,434-42-721
W21A,1329,高橋 陽子,たかはし ようこ,仮想クラブ,11:58:00,,レンタル,936-57-913
WF,1429,小林 真由,こばやし まゆ,テストクラブ,11:58:00,,レンタル,184-63-692
M21A1,1159,森 健,もり けん,テストクラブ,11:59:00,1565474,my card,256-72-976
M21A2,1259,井上 直樹,いのうえ なおき,デモOLK,11:59:00,,レンタル,196-78-654
M21A1,1160,佐藤 一郎,さとう いちろう,デモOLK,12:00:00,,レンタル,369-29-229
M21A2,1260,井上 翔太,いのうえ しょうた,テストクラブ,12:00:00,,レンタル,125-72-682
W21A,1330,高橋 裕子,たかはし ゆうこ,サンプルOLC,12:00:00,9100323,my card,594-76-338
WF,1430,清水 花子,しみず はなこ,-,12:00:00,,レンタル,463-88-755
M21A1,1161,渡辺 一郎,わたなべ いちろう,架空OLC,12:01:00,5143312,my card,157-38-356
M21A2,1261,松本 誠,まつもと まこと,匿名走林会,12:01:00,,レンタル,827-58-137
M21A1,1162,小林 健太,こばやし けんた,テストクラブ,12:02:00,,レンタル,
M21A2,1262,清水 大輝,しみず だいき,テストクラブ,12:02:00,,レンタル,966-16-552
W21A,1331,高橋 美咲,たかはし みさき,架空OLC,12:02:00,,レンタル,499-74-634
WF,1431,木村 由美,きむら ゆみ,テストクラブ,12:02:00,,レンタル,
M21A1,1163,渡辺 拓也,わたなべ たくや,匿名走林会,12:03:00,,レンタル,862-11-136
M21A2,1263,松本 健,まつもと けん,仮想クラブ,12:03:00,9635639,my card,428-74-682
M21A1,1164,山田 健,やまだ けん,デモOLK,12:04:00,3868578,my card,513-15-844
M21A2,1264,中村 拓也,なかむら たくや,デモOLK,12:04:00,8576831,my card,488-51-738
W21A,1332,山口 麻衣,やまぐち まい,テストクラブ,12:04:00,,レンタル,670-65-352
M65A,1432,加藤 浩,かとう ひろし,仮想クラブ,12:04:00,6170757,my card,
M21A1,1165,佐藤 大輝,さとう だいき,仮想クラブ,12:05:00,,レンタル,916-80-448
M21A2,1265,井上 誠,いのうえ まこと,サンプルOLC,12:05:00,,レンタル,279-76-546
M21A1,1166,井上 健,いのうえ けん,テストクラブ,12:06:00,4867104,my card,729-33-367
M21A2,1266,小林 健太,こばやし けんた,仮想クラブ,12:06:00,,レンタル,826-33-228
W21A,1333,林 真由,はやし まゆ,匿名走林会,12:06:00,,レンタル,479-58-475
M65A,1433,山本 健,やまもと けん,サンプルOLC,12:06:00,7111789,my card,942-19-770
M21A1,1167,森 健太,もり けんた,-,12:07:00,,レンタル,376-84-407
M21A2,1267,森 健,もり けん,-,12:07:00,2463161,my card,852-55-424
M21A1,1168,中村 誠,なかむら まこと,-,12:08:00,,レンタル,
M21A2,1268,井上 健太,いのうえ けんた,匿名走林会,12:08:00,,レンタル,581-53-566
W21A,1334,中村 愛,なかむら あい,-,12:08:00,,レンタル,904-93-694
M65A,1434,吉田 太郎,よしだ たろう,サンプルOLC,12:08:00,6075280,my card,504-72-421
M21A1,1169,松本 健,まつもと けん,テストクラブ,12:09:00,,レンタル,
M21A2,1269,中村 拓也,なかむら たくや,サンプルOLC,12:09:00,,レンタル,976-54-118
M21A1,1170,高橋 直樹,たかはし なおき,サンプルOLC,12:10:00,6625433,my card,122-92-137
M21A2,1270,加藤 翔太,かとう しょうた,デモOLK,12:10:00,9950074,my card,902-28-504
W21A,1335,松本 恵子,まつもと けいこ,デモOLK,12:10:00,,レンタル,884-87-846
M65A,1435,山田 一郎,やまだ いちろう,テストクラブ,12:10:00,,レンタル,557-27-799
W21A,1336,斎藤 恵子,さいとう けいこ,仮想クラブ,12:12:00,,レンタル,820-57-819
M65A,1436,渡辺 一郎,わたなべ いちろう,匿名走林会,12:12:00,6229495,my card,170-84-299
W21A,1337,渡辺 彩,わたなべ あや,-,12:14:00,1452642,my card,319-56-287
M65A,1437,鈴木 太郎,すずき たろう,匿名走林会,12:14:00,,レンタル,471-98-842
W21A,1338,鈴木 裕子,すずき ゆうこ,仮想クラブ,12:16:00,,レンタル,416-82-206
M65A,1438,山口 誠,やまぐち まこと,仮想クラブ,12:16:00,,レンタル,836-69-544
W21A,1339,林 美咲,はやし みさき,デモOLK,12:18:00,,レンタル,699-87-723
M65A,1439,小林 浩,こばやし ひろし,テストクラブ,12:18:00,1126950,my card,900-95-207
W21A,1340,吉田 由美,よしだ ゆみ,仮想クラブ,12:20:00,,レンタル,420-17-791
M65A,1440,山田 拓也,やまだ たくや,-,12:20:00,2817681,my card,333-66-397
W21A,1341,山口 美咲,やまぐち みさき,-,12:22:00,3964622,my card,650-89-790
M65A,1441,中村 健,なかむら けん,仮想クラブ,12:22:00,,レンタル,
W21A,1342,田中 愛,たなか あい,匿名走林会,12:24:00,8890799,my card,416-12-809
M65A,1442,山田 太郎,やまだ たろう,匿名走林会,12:24:00,3987694,my card,996-40-548
W21A,1343,高橋 恵子,たかはし けいこ,-,12:26:00,,レンタル,249-77-939
M65A,1443,山口 太郎,やまぐち たろう,テストクラブ,12:26:00,3808157,my card,818-85-804
W21A,1344,林 美咲,はやし みさき,テストクラブ,12:28:00,5988628,my card,328-27-995
M65A,1444,山口 翔太,やまぐち しょうた,匿名走林会,12:28:00,,レンタル,161-80-527
W21A,1345,森 美咲,もり みさき,匿名走林会,12:30:00,,レンタル,217-20-590
M65A,1445,山田 誠,やまだ まこと,架空OLC,12:30:00,5991139,my card,231-44-989
W21A,1346,鈴木 陽子,すずき ようこ,テストクラブ,12:32:00,,レンタル,683-10-290
M65A,1446,鈴木 直樹,すずき なおき,サンプルOLC,12:32:00,4994688,my card,253-51-441
W21A,1347,伊藤 美咲,いとう みさき,デモOLK,12:34:00,,レンタル,
M65A,1447,井上 一郎,いのうえ いちろう,匿名走林会,12:34:00,,レンタル,359-43-664
M35A,1348,山口 誠,やまぐち まこと,-,12:36:00,5777493,my card,
M65A,1448,山口 健,やまぐち けん,匿名走林会,12:36:00,6578848,my card,770-82-959
M35A,1349,田中 拓也,たなか たくや,デモOLK,12:38:00,,レンタル,
M65A,1449,松本 健,まつもと けん,架空OLC,12:38:00,,レンタル,937-35-287
M35A,1350,鈴木 拓也,すずき たくや,-,12:40:00,,レンタル,
M65A,1450,渡辺 翔太,わたなべ しょうた,デモOLK,12:40:00,3706623,my card,165-98-128
M35A,1351,森 翔太,もり しょうた,デモOLK,12:42:00,,レンタル,848-55-109
W50A,1451,田中 陽子,たなか ようこ,架空OLC,12:42:00,,レンタル,
M35A,1352,山口 健,やまぐち けん,サンプルOLC,12:44:00,,レンタル,143-59-993
W50A,1452,山口 真由,やまぐち まゆ,テストクラブ,12:44:00,,レンタル,378-95-749
M35A,1353,山本 一郎,やまもと いちろう,-,12:46:00,,レンタル,
W50A,1453,清水 美咲,しみず みさき,-,12:46:00,,レンタル,811-83-240
M35A,1354,井上 拓也,いのうえ たくや,テストクラブ,12:48:00,8301600,my card,499-92-141
W50A,1454,渡辺 陽子,わたなべ ようこ,-,12:48:00,6833903,my card,411-31-134
M35A,1355,山口 大輝,やまぐち だいき,架空OLC,12:50:00,,レンタル,282-93-473
W50A,1455,斎藤 花子,さいとう はなこ,-,12:50:00,,レンタル,
M35A,1356,井上 拓也,いのうえ たくや,サンプルOLC,12:52:00,3852881,my card,454-29-603
W50A,1456,吉田 裕子,よしだ ゆうこ,匿名走林会,12:52:00,7517807,my card,724-50-128
M35A,1357,山田 一郎,やまだ いちろう,-,12:54:00,,レンタル,436-12-986
W50A,1457,佐藤 花子,さとう はなこ,匿名走林会,12:54:00,,レンタル,557-13-831
M35A,1358,高橋 大輝,たかはし だいき,サンプルOLC,12:56:00,,レンタル,168-87-505
W50A,1458,斎藤 彩,さいとう あや,テストクラブ,12:56:00,,レンタル,132-35-233
M35A,1359,山本 大輝,やまもと だいき,-,12:58:00,1602575,my card,565-40-563
W50A,1459,林 裕子,はやし ゆうこ,架空OLC,12:58:00,,レンタル,
M35A,1360,林 大輝,はやし だいき,サンプルOLC,13:00:00,,レンタル,
W50A,1460,渡辺 真由,わたなべ まゆ,デモOLK,13:00:00,,レンタル,506-77-839
M21AS,1361,小林 浩,こばやし ひろし,デモOLK,13:02:00,,レンタル,478-75-268
W50A,1461,中村 愛,なかむら あい,テストクラブ,13:02:00,,レンタル,788-15-455
W50A,1462,小林 恵子,こばやし けいこ,仮想クラブ,13:04:00,,レンタル,665-53-412
M21AS,1362,鈴木 翔太,すずき しょうた,匿名走林会,13:05:00,,レンタル,
W50A,1463,中村 愛,なかむら あい,仮想クラブ,13:06:00,2297859,my card,313-94-940
M21AS,1363,森 健,もり けん,デモOLK,13:08:00,5281449,my card,449-28-343
W50A,1464,林 美咲,はやし みさき,架空OLC,13:08:00,3939578,my card,182-93-946
W21AS,1465,山口 花子,やまぐち はなこ,架空OLC,13:10:00,,レンタル,
M21AS,1364,斎藤 大輝,さいとう だいき,-,13:11:00,,レンタル,
W21AS,1466,高橋 裕子,たかはし ゆうこ,仮想クラブ,13:13:00,,レンタル,442-63-926
M21AS,1365,高橋 誠,たかはし まこと,デモOLK,13:14:00,6962741,my card,750-39-679
W21AS,1467,佐藤 麻衣,さとう まい,匿名走林会,13:16:00,,レンタル,
M21AS,1366,佐藤 大輝,さとう だいき,-,13:17:00,,レンタル,157-50-763
W21AS,1468,山口 真由,やまぐち まゆ,架空OLC,13:19:00,,レンタル,491-24-277
M21AS,1367,鈴木 直樹,すずき なおき,仮想クラブ,13:20:00,2382054,my card,344-97-950
G,1469,森 一郎,もり いちろう,-,13:22:00,,レンタル,
M21AS,1368,高橋 一郎,たかはし いちろう,-,13:23:00,,レンタル,
G,1470,清水 美咲,しみず みさき,匿名走林会,13:24:00,,レンタル,
M21AS,1369,佐藤 拓也,さとう たくや,テストクラブ,13:26:00,,レンタル,
G,1471,加藤 拓也,かとう たくや,-,13:26:00,,レンタル,
G,1472,松本 健太,まつもと けんた,-,13:28:00,,レンタル,
M21AS,1370,山口 一郎,やまぐち いちろう,架空OLC,13:29:00,6226994,my card,412-53-263
G,1473,吉田 拓也,よしだ たくや,匿名走林会,13:30:00,,レンタル,
M21AS,1371,吉田 翔太,よしだ しょうた,仮想クラブ,13:32:00,,レンタル,
G,1474,山田 大輝,やまだ だいき,-,13:32:00,,レンタル,
G,1475,中村 浩,なかむら ひろし,匿名走林会,13:34:00,,レンタル,
M21AS,1372,山田 翔太,やまだ しょうた,-,13:35:00,,レンタル,
N,1476,木村 太郎,きむら たろう,-,13:36:00,,レンタル,
M21AS,1373,林 一郎,はやし いちろう,仮想クラブ,13:38:00,,レンタル,
N,1477,高橋 大輝,たかはし だいき,匿名走林会,13:38:00,,レンタル,
N,1478,中村 美咲,なかむら みさき,-,13:40:00,,レンタル,
M21AS,1374,渡辺 誠,わたなべ まこと,デモOLK,13:41:00,,レンタル,437-98-180
W10,1479,田中 彩,たなか あや,-,13:42:00,,レンタル,
M21AS,1375,田中 拓也,たなか たくや,-,13:44:00,,レンタル,
M21AS,1376,井上 太郎,いのうえ たろう,仮想クラブ,13:47:00,,レンタル,397-46-673
M50A,1377,高橋 太郎,たかはし たろう,-,13:50:00,,レンタル,851-15-688
M50A,1378,伊藤 翔太,いとう しょうた,仮想クラブ,13:52:00,,レンタル,
M50A,1379,木村 拓也,きむら たくや,サンプルOLC,13:54:00,,レンタル,
M50A,1380,松本 大輝,まつもと だいき,デモOLK,13:56:00,5703120,my card,859-62-131
M50A,1381,井上 浩,いのうえ ひろし,匿名走林会,13:58:00,3754585,my card,872-38-123
M50A,1382,伊藤 直樹,いとう なおき,仮想クラブ,14:00:00,,レンタル,104-73-904
M50A,1383,佐藤 一郎,さとう いちろう,-,14:02:00,7561951,my card,579-15-388
M50A,1384,中村 直樹,なかむら なおき,仮想クラブ,14:04:00,9311607,my card,595-40-552
M50A,1385,田中 直樹,たなか なおき,デモOLK,14:06:00,,レンタル,
M50A,1386,高橋 健,たかはし けん,仮想クラブ,14:08:00,9902418,my card,307-10-941
M50A,1387,吉田 一郎,よしだ いちろう,テストクラブ,14:10:00,,レンタル,260-25-499
M50A,1388,佐藤 浩,さとう ひろし,仮想クラブ,14:12:00,1063159,my card,156-37-435
M50A,1389,高橋 太郎,たかはし たろう,-,14:14:00,,レンタル,403-51-850
M50A,1390,加藤 浩,かとう ひろし,仮想クラブ,14:16:00,1740632,my card,473-10-944
M50A,1391,林 翔太,はやし しょうた,-,14:18:00,,レンタル,
M50A,1392,山田 直樹,やまだ なおき,デモOLK,14:20:00,,レンタル,
M50A,1393,林 翔太,はやし しょうた,仮想クラブ,14:22:00,,レンタル,372-21-809
M50A,1394,山口 翔太,やまぐち しょうた,-,14:24:00,,レンタル,
M50A,1395,清水 太郎,しみず たろう,匿名走林会,14:26:00,,レンタル,241-70-791
M50A,1396,林 大輝,はやし だいき,仮想クラブ,14:28:00,2339831,my card,437-16-957
M50A,1397,松本 健,まつもと けん,匿名走林会,14:30:00,,レンタル,613-94-390
M50A,1398,渡辺 大輝,わたなべ だいき,仮想クラブ,14:32:00,,レンタル,771-84-664
M50A,1399,中村 拓也,なかむら たくや,-,14:34:00,,レンタル,
M50A,1400,清水 翔太,しみず しょうた,-,14:36:00,,レンタル,
M50A,1401,斎藤 拓也,さいとう たくや,架空OLC,14:38:00,2156723,my card,654-42-552
M50A,1402,斎藤 浩,さいとう ひろし,デモOLK,14:40:00,7566557,my card,
M50A,1403,山田 浩,やまだ ひろし,サンプルOLC,14:42:00,,レンタル,611-99-823
M50A,1404,井上 誠,いのうえ まこと,架空OLC,14:44:00,,レンタル,851-98-140
M50A,1405,佐藤 翔太,さとう しょうた,デモOLK,14:46:00,,レンタル,
M50A,1406,伊藤 直樹,いとう なおき,匿名走林会,14:48:00,,レンタル,645-76-894
M50A,1407,山本 拓也,やまもと たくや,サンプルOLC,14:50:00,8647944,my card,514-77-798
M50A,1408,佐藤 太郎,さとう たろう,テストクラブ,14:52:00,3320510,my card,893-82-535
M50A,1409,山本 健太,やまもと けんた,匿名走林会,14:54:00,4393633,my card,387-36-533
M50A,1410,木村 健,きむら けん,架空OLC,14:56:00,7291805,my card,126-39-283
M50A,1411,加藤 一郎,かとう いちろう,-,14:58:00,,レンタル,635-89-834
M50A,1412,清水 健,しみず けん,サンプルOLC,15:00:00,,レンタル,
M50A,1413,加藤 健,かとう けん,テストクラブ,15:02:00,,レンタル,
M50A,1414,渡辺 翔太,わたなべ しょうた,サンプルOLC,15:04:00,,レンタル,207-14-551
M50A,1415,林 直樹,はやし なおき,仮想クラブ,15:06:00,,レンタル,929-32-109
M50A,1416,中村 直樹,なかむら なおき,匿名走林会,15:08:00,3053305,my card,436-57-823
M50A,1417,斎藤 一郎,さいとう いちろう,仮想クラブ,15:10:00,,レンタル,774-64-716
M50A,1418,吉田 直樹,よしだ なおき,-,15:12:00,,レンタル,486-25-306
M50A,1419,山口 翔太,やまぐち しょうた,仮想クラブ,15:14:00,3989503,my card,803-75-125
M50A,1420,鈴木 太郎,すずき たろう,テストクラブ,15:16:00,,レンタル,996-78-390
M50A,1421,森 翔太,もり しょうた,仮想クラブ,15:18:00,,レンタル,395-25-310
M50A,1422,鈴木 直樹,すずき なおき,テストクラブ,15:20:00,2936215,my card,188-94-157
M50A,1423,吉田 誠,よしだ まこと,匿名走林会,15:22:00,,レンタル,
M50A,1424,吉田 拓也,よしだ たくや,テストクラブ,15:24:00,,レンタル,384-45-956
M50A,1425,木村 健,きむら けん,仮想クラブ,15:26:00,3272053,my card,996-77-916
M50A,1426,斎藤 一郎,さいとう いちろう,テストクラブ,15:28:00,,レンタル,350-68-953
M50A,1427,森 直樹,もり なおき,デモOLK,15:30:00,2860332,my card,643-34-489
M50A,1428,伊藤 大輝,いとう だいき,匿名走林会,15:32:00,,レンタル,188-41-999
M50A,1429,井上 太郎,いのうえ たろう,デモOLK,15:34:00,3876117,my card,311-47-972
M50A,1430,山田 太郎,やまだ たろう,架空OLC,15:36:00,,レンタル,889-66-190
W35A,1431,斎藤 愛,さいとう あい,テストクラブ,15:38:00,4053512,my card,217-74-813
W35A,1432,井上 花子,いのうえ はなこ,-,15:40:00,8207044,my card,298-26-376
W35A,1433,井上 由美,いのうえ ゆみ,-,15:42:00,,レンタル,
W35A,1434,田中 彩,たなか あや,デモOLK,15:44:00,9640957,my card,418-51-140
W35A,1435,山本 麻衣,やまもと まい,サンプルOLC,15:46:00,,レンタル,680-70-713
M20A,1436,斎藤 健,さいとう けん,テストクラブ,15:48:00,,レンタル,202-27-453
M20A,1437,渡辺 翔太,わたなべ しょうた,-,15:50:00,,レンタル,556-70-207
M20A,1438,高橋 誠,たかはし まこと,サンプルOLC,15:52:00,,レンタル,688-80-360
M20A,1439,山田 浩,やまだ ひろし,匿名走林会,15:54:00,,レンタル,809-60-748
M20A,1440,山田 一郎,やまだ いちろう,サンプルOLC,15:56:00,,レンタル,322-71-689
M20A,1441,森 一郎,もり いちろう,デモOLK,15:58:00,,レンタル,723-79-395
M20A,1442,山田 拓也,やまだ たくや,サンプルOLC,16:00:00,,レンタル,834-36-498
M20A,1443,井上 直樹,いのうえ なおき,テストクラブ,16:02:00,,レンタル,568-41-931
M20A,1444,山田 翔太,やまだ しょうた,サンプルOLC,16:04:00,,レンタル,730-66-515
